NM_MUN,Voltagem,Estado,Tipo,Linha
Nova Aurora,BASE,PR,base,BASE
Pato Branco,BASE,PR,base,BASE
General Carneiro,BASE,PR,base,BASE
Nova Santa Rosa,BASE,PR,base,BASE
Marquinho,BASE,PR,base,BASE
Luiziana,BASE,PR,base,BASE
Godoy Moreira,BASE,PR,base,BASE
Dois Vizinhos,BASE,PR,base,BASE
Nova Prata do Iguaçu,BASE,PR,base,BASE
Iracema do Oeste,BASE,PR,base,BASE
Guaratuba,BASE,PR,base,BASE
Nova Tebas,BASE,PR,base,BASE
São José dos Pinhais,BASE,PR,base,BASE
Honório Serpa,BASE,PR,base,BASE
Santa Lúcia,BASE,PR,base,BASE
Santa Izabel do Oeste,BASE,PR,base,BASE
Campo Largo,BASE,PR,base,BASE
Nova Cantu,BASE,PR,base,BASE
Cruz Machado,BASE,PR,base,BASE
Campo Magro,BASE,PR,base,BASE
Agudos do Sul,BASE,PR,base,BASE
Irati,BASE,PR,base,BASE
Alto Piquiri,BASE,PR,base,BASE
Ortigueira,BASE,PR,base,BASE
Rio Branco do Ivaí,BASE,PR,base,BASE
Paula Freitas,BASE,PR,base,BASE
Juranda,BASE,PR,base,BASE
Rio Bonito do Iguaçu,BASE,PR,base,BASE
Arapoti,BASE,PR,base,BASE
Bituruna,BASE,PR,base,BASE
Goioxim,BASE,PR,base,BASE
Ponta Grossa,BASE,PR,base,BASE
Três Barras do Paraná,BASE,PR,base,BASE
Formosa do Oeste,BASE,PR,base,BASE
Arapuã,BASE,PR,base,BASE
Missal,BASE,PR,base,BASE
Lindoeste,BASE,PR,base,BASE
Cafelândia,BASE,PR,base,BASE
São Jorge d'Oeste,BASE,PR,base,BASE
Guaraniaçu,BASE,PR,base,BASE
Reserva,BASE,PR,base,BASE
Reserva do Iguaçu,BASE,PR,base,BASE
Santa Helena,BASE,PR,base,BASE
Rio Branco do Sul,BASE,PR,base,BASE
Palmital,BASE,PR,base,BASE
Teixeira Soares,BASE,PR,base,BASE
Almirante Tamandaré,BASE,PR,base,BASE
Cerro Azul,BASE,PR,base,BASE
Coronel Vivida,BASE,PR,base,BASE
São João,BASE,PR,base,BASE
Altamira do Paraná,BASE,PR,base,BASE
Foz do Iguaçu,BASE,PR,base,BASE
Cruzeiro do Iguaçu,BASE,PR,base,BASE
Santa Tereza do Oeste,BASE,PR,base,BASE
Nova Laranjeiras,BASE,PR,base,BASE
Cascavel,BASE,PR,base,BASE
Pitanga,BASE,PR,base,BASE
Guarapuava,BASE,PR,base,BASE
Tupãssi,BASE,PR,base,BASE
Turvo,BASE,PR,base,BASE
Santa Terezinha de Itaipu,BASE,PR,base,BASE
Sulina,BASE,PR,base,BASE
Telêmaco Borba,BASE,PR,base,BASE
Porto Amazonas,BASE,PR,base,BASE
Mamborê,BASE,PR,base,BASE
Campina Grande do Sul,BASE,PR,base,BASE
Campo Bonito,BASE,PR,base,BASE
Araucária,BASE,PR,base,BASE
Ipiranga,BASE,PR,base,BASE
Mariópolis,BASE,PR,base,BASE
Céu Azul,BASE,PR,base,BASE
Ivaí,BASE,PR,base,BASE
Jesuítas,BASE,PR,base,BASE
Imbituva,BASE,PR,base,BASE
Capanema,BASE,PR,base,BASE
Manoel Ribas,BASE,PR,base,BASE
Tijucas do Sul,BASE,PR,base,BASE
Lapa,BASE,PR,base,BASE
Colombo,BASE,PR,base,BASE
Medianeira,BASE,PR,base,BASE
Sengés,BASE,PR,base,BASE
Rebouças,BASE,PR,base,BASE
Rio Azul,BASE,PR,base,BASE
Mercedes,BASE,PR,base,BASE
Palmas,BASE,PR,base,BASE
Fazenda Rio Grande,BASE,PR,base,BASE
Adrianópolis,BASE,PR,base,BASE
Catanduvas,BASE,PR,base,BASE
Corbélia,BASE,PR,base,BASE
Toledo,BASE,PR,base,BASE
Ivaiporã,BASE,PR,base,BASE
Inácio Martins,BASE,PR,base,BASE
Laranjeiras do Sul,BASE,PR,base,BASE
Marechal Cândido Rondon,BASE,PR,base,BASE
Capitão Leônidas Marques,BASE,PR,base,BASE
Piraí do Sul,BASE,PR,base,BASE
Carambeí,BASE,PR,base,BASE
Jaguariaíva,BASE,PR,base,BASE
Braganey,BASE,PR,base,BASE
Roncador,BASE,PR,base,BASE
São João do Triunfo,BASE,PR,base,BASE
Santa Maria do Oeste,BASE,PR,base,BASE
Palmeira,BASE,PR,base,BASE
União da Vitória,BASE,PR,base,BASE
Fernandes Pinheiro,BASE,PR,base,BASE
Ramilândia,BASE,PR,base,BASE
Salto do Lontra,BASE,PR,base,BASE
Coronel Domingos Soares,BASE,PR,base,BASE
São Mateus do Sul,BASE,PR,base,BASE
Paranaguá,BASE,PR,base,BASE
Itapejara d'Oeste,BASE,PR,base,BASE
Antonina,BASE,PR,base,BASE
Barbosa Ferraz,BASE,PR,base,BASE
Mandirituba,BASE,PR,base,BASE
Terra Roxa,BASE,PR,base,BASE
Piraquara,BASE,PR,base,BASE
Campo Mourão,BASE,PR,base,BASE
Quatro Pontes,BASE,PR,base,BASE
Boa Esperança do Iguaçu,BASE,PR,base,BASE
Itaperuçu,BASE,PR,base,BASE
Rosário do Ivaí,BASE,PR,base,BASE
Matelândia,BASE,PR,base,BASE
Boa Ventura de São Roque,BASE,PR,base,BASE
Pinhais,BASE,PR,base,BASE
Curitiba,BASE,PR,base,BASE
Paulo Frontin,BASE,PR,base,BASE
Grandes Rios,BASE,PR,base,BASE
Iretama,BASE,PR,base,BASE
Mallet,BASE,PR,base,BASE
Campina da Lagoa,BASE,PR,base,BASE
Ouro Verde do Oeste,BASE,PR,base,BASE
Quedas do Iguaçu,BASE,PR,base,BASE
Campina do Simão,BASE,PR,base,BASE
São Miguel do Iguaçu,BASE,PR,base,BASE
São Pedro do Iguaçu,BASE,PR,base,BASE
Tibagi,BASE,PR,base,BASE
Bocaiúva do Sul,BASE,PR,base,BASE
Mangueirinha,BASE,PR,base,BASE
Cândido de Abreu,BASE,PR,base,BASE
Iguatu,BASE,PR,base,BASE
Realeza,BASE,PR,base,BASE
Clevelândia,BASE,PR,base,BASE
Mato Rico,BASE,PR,base,BASE
Ubiratã,BASE,PR,base,BASE
Itaipulândia,BASE,PR,base,BASE
Guaíra,BASE,PR,base,BASE
Entre Rios do Oeste,BASE,PR,base,BASE
Saudade do Iguaçu,BASE,PR,base,BASE
Morretes,BASE,PR,base,BASE
Contenda,BASE,PR,base,BASE
Castro,BASE,PR,base,BASE
Ariranha do Ivaí,BASE,PR,base,BASE
Diamante D'Oeste,BASE,PR,base,BASE
Prudentópolis,BASE,PR,base,BASE
Balsa Nova,BASE,PR,base,BASE
São José das Palmeiras,BASE,PR,base,BASE
Vera Cruz do Oeste,BASE,PR,base,BASE
Pinhão,BASE,PR,base,BASE
Ventania,BASE,PR,base,BASE
Anahy,BASE,PR,base,BASE
Chopinzinho,BASE,PR,base,BASE
Santo Antônio do Palma,BASE,RS,base,BASE
Lajeado do Bugre,BASE,RS,base,BASE
Garibaldi,BASE,RS,base,BASE
Lajeado,BASE,RS,base,BASE
São Domingos do Sul,BASE,RS,base,BASE
Nova Petrópolis,BASE,RS,base,BASE
Seberi,BASE,RS,base,BASE
São Pedro da Serra,BASE,RS,base,BASE
Pinto Bandeira,BASE,RS,base,BASE
Torres,BASE,RS,base,BASE
Erval Seco,BASE,RS,base,BASE
Roca Sales,BASE,RS,base,BASE
Gramado,BASE,RS,base,BASE
Veranópolis,BASE,RS,base,BASE
São Luiz Gonzaga,BASE,RS,base,BASE
Vespasiano Corrêa,BASE,RS,base,BASE
Ijuí,BASE,RS,base,BASE
Vila Flores,BASE,RS,base,BASE
Gramado dos Loureiros,BASE,RS,base,BASE
Catuípe,BASE,RS,base,BASE
Vila Lângaro,BASE,RS,base,BASE
Gramado Xavier,BASE,RS,base,BASE
Entre Rios do Sul,BASE,RS,base,BASE
Sobradinho,BASE,RS,base,BASE
Nova Araçá,BASE,RS,base,BASE
Entre-Ijuís,BASE,RS,base,BASE
Erebango,BASE,RS,base,BASE
Nova Prata,BASE,RS,base,BASE
Nova Roma do Sul,BASE,RS,base,BASE
Caibaté,BASE,RS,base,BASE
Capão Bonito do Sul,BASE,RS,base,BASE
Esmeralda,BASE,RS,base,BASE
Nova Ramada,BASE,RS,base,BASE
Cruz Alta,BASE,RS,base,BASE
Itatiba do Sul,BASE,RS,base,BASE
Cruzaltense,BASE,RS,base,BASE
Barros Cassal,BASE,RS,base,BASE
Colinas,BASE,RS,base,BASE
Rolador,BASE,RS,base,BASE
Guabiju,BASE,RS,base,BASE
Vale Real,BASE,RS,base,BASE
Campinas do Sul,BASE,RS,base,BASE
Soledade,BASE,RS,base,BASE
São José dos Ausentes,BASE,RS,base,BASE
São Martinho,BASE,RS,base,BASE
Júlio de Castilhos,BASE,RS,base,BASE
Arroio do Tigre,BASE,RS,base,BASE
Lagoão,BASE,RS,base,BASE
São Martinho da Serra,BASE,RS,base,BASE
Antônio Prado,BASE,RS,base,BASE
Fortaleza dos Valos,BASE,RS,base,BASE
São Miguel das Missões,BASE,RS,base,BASE
Ibarama,BASE,RS,base,BASE
Lagoa dos Três Cantos,BASE,RS,base,BASE
Jaboticaba,BASE,RS,base,BASE
Santa Maria do Herval,BASE,RS,base,BASE
Jacuizinho,BASE,RS,base,BASE
Venâncio Aires,BASE,RS,base,BASE
Tapejara,BASE,RS,base,BASE
Dona Francisca,BASE,RS,base,BASE
Água Santa,BASE,RS,base,BASE
Lagoa Vermelha,BASE,RS,base,BASE
Sertão,BASE,RS,base,BASE
Muçum,BASE,RS,base,BASE
Muitos Capões,BASE,RS,base,BASE
Braga,BASE,RS,base,BASE
Sete de Setembro,BASE,RS,base,BASE
Frederico Westphalen,BASE,RS,base,BASE
Não-Me-Toque,BASE,RS,base,BASE
Brochier,BASE,RS,base,BASE
Nova Palma,BASE,RS,base,BASE
Pinhal,BASE,RS,base,BASE
Picada Café,BASE,RS,base,BASE
Três de Maio,BASE,RS,base,BASE
Vista Alegre do Prata,BASE,RS,base,BASE
Erval Grande,BASE,RS,base,BASE
Campo Novo,BASE,RS,base,BASE
Pinhal da Serra,BASE,RS,base,BASE
Pinhal Grande,BASE,RS,base,BASE
Alpestre,BASE,RS,base,BASE
Iraí,BASE,RS,base,BASE
Charrua,BASE,RS,base,BASE
Giruá,BASE,RS,base,BASE
Alto Feliz,BASE,RS,base,BASE
Passa Sete,BASE,RS,base,BASE
Alto Alegre,BASE,RS,base,BASE
Tapera,BASE,RS,base,BASE
Barracão,BASE,RS,base,BASE
Marau,BASE,RS,base,BASE
União da Serra,BASE,RS,base,BASE
Cambará do Sul,BASE,RS,base,BASE
São Jorge,BASE,RS,base,BASE
Santo Ângelo,BASE,RS,base,BASE
Casca,BASE,RS,base,BASE
São Vendelino,BASE,RS,base,BASE
São José do Hortêncio,BASE,RS,base,BASE
São José do Inhacorá,BASE,RS,base,BASE
Campestre da Serra,BASE,RS,base,BASE
Caseiros,BASE,RS,base,BASE
Dois Irmãos das Missões,BASE,RS,base,BASE
Sinimbu,BASE,RS,base,BASE
Guarani das Missões,BASE,RS,base,BASE
Flores da Cunha,BASE,RS,base,BASE
Bom Princípio,BASE,RS,base,BASE
Montauri,BASE,RS,base,BASE
Floriano Peixoto,BASE,RS,base,BASE
Dois Lajeados,BASE,RS,base,BASE
Trindade do Sul,BASE,RS,base,BASE
Monte Belo do Sul,BASE,RS,base,BASE
Chiapetta,BASE,RS,base,BASE
Paulo Bento,BASE,RS,base,BASE
Campos Borges,BASE,RS,base,BASE
Passo Fundo,BASE,RS,base,BASE
Vitória das Missões,BASE,RS,base,BASE
Ametista do Sul,BASE,RS,base,BASE
Paverama,BASE,RS,base,BASE
Westfália,BASE,RS,base,BASE
Redentora,BASE,RS,base,BASE
Santa Clara do Sul,BASE,RS,base,BASE
Santa Cecília do Sul,BASE,RS,base,BASE
Barra do Rio Azul,BASE,RS,base,BASE
Palmeira das Missões,BASE,RS,base,BASE
Estrela,BASE,RS,base,BASE
Santa Rosa,BASE,RS,base,BASE
Eugênio de Castro,BASE,RS,base,BASE
Estrela Velha,BASE,RS,base,BASE
Dom Pedro de Alcântara,BASE,RS,base,BASE
Ciríaco,BASE,RS,base,BASE
Candelária,BASE,RS,base,BASE
Santa Tereza,BASE,RS,base,BASE
Jaquirana,BASE,RS,base,BASE
Morro Reuter,BASE,RS,base,BASE
Fagundes Varela,BASE,RS,base,BASE
Boqueirão do Leão,BASE,RS,base,BASE
Jóia,BASE,RS,base,BASE
Vila Maria,BASE,RS,base,BASE
Três Cachoeiras,BASE,RS,base,BASE
Erechim,BASE,RS,base,BASE
Caxias do Sul,BASE,RS,base,BASE
Santa Cruz do Sul,BASE,RS,base,BASE
Benjamin Constant do Sul,BASE,RS,base,BASE
São José do Sul,BASE,RS,base,BASE
Ernestina,BASE,RS,base,BASE
Imigrante,BASE,RS,base,BASE
Cerro Grande,BASE,RS,base,BASE
Nova Bassano,BASE,RS,base,BASE
Presidente Lucena,BASE,RS,base,BASE
São Francisco de Paula,BASE,RS,base,BASE
Tunas,BASE,RS,base,BASE
Liberato Salzano,BASE,RS,base,BASE
Serafina Corrêa,BASE,RS,base,BASE
Salto do Jacuí,BASE,RS,base,BASE
Barão,BASE,RS,base,BASE
Farroupilha,BASE,RS,base,BASE
Gentil,BASE,RS,base,BASE
Planalto,BASE,RS,base,BASE
Linha Nova,BASE,RS,base,BASE
Novo Tiradentes,BASE,RS,base,BASE
Pontão,BASE,RS,base,BASE
Sério,BASE,RS,base,BASE
Três Coroas,BASE,RS,base,BASE
Poço das Antas,BASE,RS,base,BASE
Bento Gonçalves,BASE,RS,base,BASE
Espumoso,BASE,RS,base,BASE
Santo Augusto,BASE,RS,base,BASE
Cruzeiro do Sul,BASE,RS,base,BASE
Estação,BASE,RS,base,BASE
Faxinal do Soturno,BASE,RS,base,BASE
Mato Leitão,BASE,RS,base,BASE
Boa Vista das Missões,BASE,RS,base,BASE
Faxinalzinho,BASE,RS,base,BASE
Mato Castelhano,BASE,RS,base,BASE
Independência,BASE,RS,base,BASE
Cerro Largo,BASE,RS,base,BASE
Mato Queimado,BASE,RS,base,BASE
Salvador do Sul,BASE,RS,base,BASE
Alegria,BASE,RS,base,BASE
Ipê,BASE,RS,base,BASE
Machadinho,BASE,RS,base,BASE
Barão de Cotegipe,BASE,RS,base,BASE
Tupanciretã,BASE,RS,base,BASE
Carlos Barbosa,BASE,RS,base,BASE
Getúlio Vargas,BASE,RS,base,BASE
Coronel Barros,BASE,RS,base,BASE
David Canabarro,BASE,RS,base,BASE
Boa Vista do Cadeado,BASE,RS,base,BASE
Jacutinga,BASE,RS,base,BASE
Boa Vista do Incra,BASE,RS,base,BASE
Maximiliano de Almeida,BASE,RS,base,BASE
Aratiba,BASE,RS,base,BASE
Paraí,BASE,RS,base,BASE
Guaporé,BASE,RS,base,BASE
Feliz,BASE,RS,base,BASE
Boa Vista do Sul,BASE,RS,base,BASE
Teutônia,BASE,RS,base,BASE
Victor Graeff,BASE,RS,base,BASE
Coronel Bicaco,BASE,RS,base,BASE
Coronel Pilar,BASE,RS,base,BASE
Quatro Irmãos,BASE,RS,base,BASE
Igrejinha,BASE,RS,base,BASE
Quevedos,BASE,RS,base,BASE
Agudo,BASE,RS,base,BASE
Coxilha,BASE,RS,base,BASE
Nonoai,BASE,RS,base,BASE
Cotiporã,BASE,RS,base,BASE
Laurentino,BASE,SC,base,BASE
Taió,BASE,SC,base,BASE
Campo Belo do Sul,BASE,SC,base,BASE
Itajaí,BASE,SC,base,BASE
Massaranduba,BASE,SC,base,BASE
Xavantina,BASE,SC,base,BASE
Pedras Grandes,BASE,SC,base,BASE
Ascurra,BASE,SC,base,BASE
Cunhataí,BASE,SC,base,BASE
Guaramirim,BASE,SC,base,BASE
Erval Velho,BASE,SC,base,BASE
São Ludgero,BASE,SC,base,BASE
Rio do Sul,BASE,SC,base,BASE
São José,BASE,SC,base,BASE
Água Doce,BASE,SC,base,BASE
Benedito Novo,BASE,SC,base,BASE
Lauro Müller,BASE,SC,base,BASE
Tangará,BASE,SC,base,BASE
Xaxim,BASE,SC,base,BASE
Curitibanos,BASE,SC,base,BASE
Pinhalzinho,BASE,SC,base,BASE
Presidente Getúlio,BASE,SC,base,BASE
Nova Veneza,BASE,SC,base,BASE
Faxinal dos Guedes,BASE,SC,base,BASE
Videira,BASE,SC,base,BASE
Guatambú,BASE,SC,base,BASE
Treze de Maio,BASE,SC,base,BASE
São Bento do Sul,BASE,SC,base,BASE
Pomerode,BASE,SC,base,BASE
Tijucas,BASE,SC,base,BASE
Abelardo Luz,BASE,SC,base,BASE
Orleans,BASE,SC,base,BASE
São João Batista,BASE,SC,base,BASE
Garuva,BASE,SC,base,BASE
Lages,BASE,SC,base,BASE
Siderópolis,BASE,SC,base,BASE
Otacílio Costa,BASE,SC,base,BASE
Corupá,BASE,SC,base,BASE
Camboriú,BASE,SC,base,BASE
Itá,BASE,SC,base,BASE
São Bonifácio,BASE,SC,base,BASE
Urupema,BASE,SC,base,BASE
Capão Alto,BASE,SC,base,BASE
Braço do Norte,BASE,SC,base,BASE
Armazém,BASE,SC,base,BASE
Correia Pinto,BASE,SC,base,BASE
Guabiruba,BASE,SC,base,BASE
Jaraguá do Sul,BASE,SC,base,BASE
Timbé do Sul,BASE,SC,base,BASE
Ipira,BASE,SC,base,BASE
Brunópolis,BASE,SC,base,BASE
Braço do Trombudo,BASE,SC,base,BASE
Passo de Torres,BASE,SC,base,BASE
Rio do Oeste,BASE,SC,base,BASE
Ponte Alta,BASE,SC,base,BASE
São João do Sul,BASE,SC,base,BASE
Rodeio,BASE,SC,base,BASE
Gaspar,BASE,SC,base,BASE
Ipuaçu,BASE,SC,base,BASE
Agrolândia,BASE,SC,base,BASE
Ponte Alta do Norte,BASE,SC,base,BASE
Sombrio,BASE,SC,base,BASE
Xanxerê,BASE,SC,base,BASE
Balneário Barra do Sul,BASE,SC,base,BASE
Petrolândia,BASE,SC,base,BASE
Campo Alegre,BASE,SC,base,BASE
Dona Emma,BASE,SC,base,BASE
Alto Bela Vista,BASE,SC,base,BASE
Bom Jardim da Serra,BASE,SC,base,BASE
Antônio Carlos,BASE,SC,base,BASE
Santa Rosa do Sul,BASE,SC,base,BASE
Vargem,BASE,SC,base,BASE
Rancho Queimado,BASE,SC,base,BASE
Bom Jesus,BASE,SC,base,BASE
Canoinhas,BASE,SC,base,BASE
Apiúna,BASE,SC,base,BASE
Nova Trento,BASE,SC,base,BASE
São Domingos,BASE,SC,base,BASE
Ibirama,BASE,SC,base,BASE
Galvão,BASE,SC,base,BASE
Tubarão,BASE,SC,base,BASE
Joinville,BASE,SC,base,BASE
José Boiteux,BASE,SC,base,BASE
Concórdia,BASE,SC,base,BASE
Santo Amaro da Imperatriz,BASE,SC,base,BASE
Major Gercino,BASE,SC,base,BASE
Araquari,BASE,SC,base,BASE
Cordilheira Alta,BASE,SC,base,BASE
Grão-Pará,BASE,SC,base,BASE
Imbuia,BASE,SC,base,BASE
Vidal Ramos,BASE,SC,base,BASE
Palmeira,BASE,SC,base,BASE
Piratuba,BASE,SC,base,BASE
São Francisco do Sul,BASE,SC,base,BASE
Capinzal,BASE,SC,base,BASE
Abdon Batista,BASE,SC,base,BASE
Planalto Alegre,BASE,SC,base,BASE
Capivari de Baixo,BASE,SC,base,BASE
Turvo,BASE,SC,base,BASE
Seara,BASE,SC,base,BASE
União do Oeste,BASE,SC,base,BASE
Angelina,BASE,SC,base,BASE
Coronel Freitas,BASE,SC,base,BASE
Gravatal,BASE,SC,base,BASE
Rio Fortuna,BASE,SC,base,BASE
São Martinho,BASE,SC,base,BASE
Morro Grande,BASE,SC,base,BASE
Águas de Chapecó,BASE,SC,base,BASE
Ilhota,BASE,SC,base,BASE
Indaial,BASE,SC,base,BASE
Águas Frias,BASE,SC,base,BASE
Biguaçu,BASE,SC,base,BASE
Anita Garibaldi,BASE,SC,base,BASE
Campos Novos,BASE,SC,base,BASE
Meleiro,BASE,SC,base,BASE
Mirim Doce,BASE,SC,base,BASE
Peritiba,BASE,SC,base,BASE
Herval d'Oeste,BASE,SC,base,BASE
Florianópolis,BASE,SC,base,BASE
Ibiam,BASE,SC,base,BASE
Treze Tílias,BASE,SC,base,BASE
Zortéa,BASE,SC,base,BASE
Forquilhinha,BASE,SC,base,BASE
São Pedro de Alcântara,BASE,SC,base,BASE
São José do Cerrito,BASE,SC,base,BASE
Águas Mornas,BASE,SC,base,BASE
Luiz Alves,BASE,SC,base,BASE
Cerro Negro,BASE,SC,base,BASE
Blumenau,BASE,SC,base,BASE
Celso Ramos,BASE,SC,base,BASE
Luzerna,BASE,SC,base,BASE
Ituporanga,BASE,SC,base,BASE
Chapadão do Lageado,BASE,SC,base,BASE
Urussanga,BASE,SC,base,BASE
Leoberto Leal,BASE,SC,base,BASE
Canelinha,BASE,SC,base,BASE
São Carlos,BASE,SC,base,BASE
Paial,BASE,SC,base,BASE
Ouro Verde,BASE,SC,base,BASE
Frei Rogério,BASE,SC,base,BASE
Painel,BASE,SC,base,BASE
Trombudo Central,BASE,SC,base,BASE
Joaçaba,BASE,SC,base,BASE
Saudades,BASE,SC,base,BASE
Brusque,BASE,SC,base,BASE
Chapecó,BASE,SC,base,BASE
Cocal do Sul,BASE,SC,base,BASE
Ermo,BASE,SC,base,BASE
Timbó,BASE,SC,base,BASE
Agronômica,BASE,SC,base,BASE
Arvoredo,BASE,SC,base,BASE
Lontras,BASE,SC,base,BASE
Palhoça,BASE,SC,base,BASE
São Joaquim,BASE,SC,base,BASE
Nova Aurora,230,PR,especifica,230 kV
Pato Branco,230,PR,especifica,230 kV
Nova Prata do Iguaçu,230,PR,especifica,230 kV
Iracema do Oeste,230,PR,especifica,230 kV
Guaratuba,230,PR,especifica,230 kV
São José dos Pinhais,230,PR,especifica,230 kV
Santa Izabel do Oeste,230,PR,especifica,230 kV
Campo Largo,230,PR,especifica,230 kV
Nova Cantu,230,PR,especifica,230 kV
Cruz Machado,230,PR,especifica,230 kV
Campo Magro,230,PR,especifica,230 kV
Irati,230,PR,especifica,230 kV
Alto Piquiri,230,PR,especifica,230 kV
Ortigueira,230,PR,especifica,230 kV
Paula Freitas,230,PR,especifica,230 kV
Arapoti,230,PR,especifica,230 kV
Bituruna,230,PR,especifica,230 kV
Ponta Grossa,230,PR,especifica,230 kV
Três Barras do Paraná,230,PR,especifica,230 kV
Formosa do Oeste,230,PR,especifica,230 kV
Lindoeste,230,PR,especifica,230 kV
Cafelândia,230,PR,especifica,230 kV
São Jorge d'Oeste,230,PR,especifica,230 kV
Guaraniaçu,230,PR,especifica,230 kV
Reserva do Iguaçu,230,PR,especifica,230 kV
Rio Branco do Sul,230,PR,especifica,230 kV
Teixeira Soares,230,PR,especifica,230 kV
Almirante Tamandaré,230,PR,especifica,230 kV
Coronel Vivida,230,PR,especifica,230 kV
São João,230,PR,especifica,230 kV
Altamira do Paraná,230,PR,especifica,230 kV
Foz do Iguaçu,230,PR,especifica,230 kV
Cruzeiro do Iguaçu,230,PR,especifica,230 kV
Santa Tereza do Oeste,230,PR,especifica,230 kV
Cascavel,230,PR,especifica,230 kV
Guarapuava,230,PR,especifica,230 kV
Santa Terezinha de Itaipu,230,PR,especifica,230 kV
Sulina,230,PR,especifica,230 kV
Telêmaco Borba,230,PR,especifica,230 kV
Mamborê,230,PR,especifica,230 kV
Campina Grande do Sul,230,PR,especifica,230 kV
Araucária,230,PR,especifica,230 kV
Ipiranga,230,PR,especifica,230 kV
Mariópolis,230,PR,especifica,230 kV
Céu Azul,230,PR,especifica,230 kV
Jesuítas,230,PR,especifica,230 kV
Imbituva,230,PR,especifica,230 kV
Capanema,230,PR,especifica,230 kV
Tijucas do Sul,230,PR,especifica,230 kV
Lapa,230,PR,especifica,230 kV
Colombo,230,PR,especifica,230 kV
Medianeira,230,PR,especifica,230 kV
Sengés,230,PR,especifica,230 kV
Rio Azul,230,PR,especifica,230 kV
Catanduvas,230,PR,especifica,230 kV
Inácio Martins,230,PR,especifica,230 kV
Capitão Leônidas Marques,230,PR,especifica,230 kV
Piraí do Sul,230,PR,especifica,230 kV
Carambeí,230,PR,especifica,230 kV
Jaguariaíva,230,PR,especifica,230 kV
São João do Triunfo,230,PR,especifica,230 kV
Palmeira,230,PR,especifica,230 kV
União da Vitória,230,PR,especifica,230 kV
Fernandes Pinheiro,230,PR,especifica,230 kV
Salto do Lontra,230,PR,especifica,230 kV
Coronel Domingos Soares,230,PR,especifica,230 kV
São Mateus do Sul,230,PR,especifica,230 kV
Paranaguá,230,PR,especifica,230 kV
Itapejara d'Oeste,230,PR,especifica,230 kV
Antonina,230,PR,especifica,230 kV
Piraquara,230,PR,especifica,230 kV
Campo Mourão,230,PR,especifica,230 kV
Boa Esperança do Iguaçu,230,PR,especifica,230 kV
Itaperuçu,230,PR,especifica,230 kV
Matelândia,230,PR,especifica,230 kV
Pinhais,230,PR,especifica,230 kV
Curitiba,230,PR,especifica,230 kV
Paulo Frontin,230,PR,especifica,230 kV
Mallet,230,PR,especifica,230 kV
Campina da Lagoa,230,PR,especifica,230 kV
Quedas do Iguaçu,230,PR,especifica,230 kV
São Miguel do Iguaçu,230,PR,especifica,230 kV
Tibagi,230,PR,especifica,230 kV
Bocaiúva do Sul,230,PR,especifica,230 kV
Mangueirinha,230,PR,especifica,230 kV
Realeza,230,PR,especifica,230 kV
Saudade do Iguaçu,230,PR,especifica,230 kV
Morretes,230,PR,especifica,230 kV
Contenda,230,PR,especifica,230 kV
Castro,230,PR,especifica,230 kV
Balsa Nova,230,PR,especifica,230 kV
Pinhão,230,PR,especifica,230 kV
Ventania,230,PR,especifica,230 kV
Chopinzinho,230,PR,especifica,230 kV
Garibaldi,230,RS,especifica,230 kV
Lajeado,230,RS,especifica,230 kV
Nova Petrópolis,230,RS,especifica,230 kV
Seberi,230,RS,especifica,230 kV
Pinto Bandeira,230,RS,especifica,230 kV
Torres,230,RS,especifica,230 kV
Erval Seco,230,RS,especifica,230 kV
Gramado,230,RS,especifica,230 kV
Veranópolis,230,RS,especifica,230 kV
São Luiz Gonzaga,230,RS,especifica,230 kV
Ijuí,230,RS,especifica,230 kV
Vila Flores,230,RS,especifica,230 kV
Gramado dos Loureiros,230,RS,especifica,230 kV
Gramado Xavier,230,RS,especifica,230 kV
Entre Rios do Sul,230,RS,especifica,230 kV
Sobradinho,230,RS,especifica,230 kV
Entre-Ijuís,230,RS,especifica,230 kV
Nova Prata,230,RS,especifica,230 kV
Nova Roma do Sul,230,RS,especifica,230 kV
Caibaté,230,RS,especifica,230 kV
Capão Bonito do Sul,230,RS,especifica,230 kV
Esmeralda,230,RS,especifica,230 kV
Cruz Alta,230,RS,especifica,230 kV
Cruzaltense,230,RS,especifica,230 kV
Barros Cassal,230,RS,especifica,230 kV
Colinas,230,RS,especifica,230 kV
Vale Real,230,RS,especifica,230 kV
Campinas do Sul,230,RS,especifica,230 kV
Soledade,230,RS,especifica,230 kV
São José dos Ausentes,230,RS,especifica,230 kV
São Martinho,230,RS,especifica,230 kV
Júlio de Castilhos,230,RS,especifica,230 kV
Arroio do Tigre,230,RS,especifica,230 kV
Lagoão,230,RS,especifica,230 kV
São Martinho da Serra,230,RS,especifica,230 kV
Fortaleza dos Valos,230,RS,especifica,230 kV
São Miguel das Missões,230,RS,especifica,230 kV
Ibarama,230,RS,especifica,230 kV
Lagoa dos Três Cantos,230,RS,especifica,230 kV
Jaboticaba,230,RS,especifica,230 kV
Santa Maria do Herval,230,RS,especifica,230 kV
Jacuizinho,230,RS,especifica,230 kV
Venâncio Aires,230,RS,especifica,230 kV
Dona Francisca,230,RS,especifica,230 kV
Água Santa,230,RS,especifica,230 kV
Lagoa Vermelha,230,RS,especifica,230 kV
Sertão,230,RS,especifica,230 kV
Braga,230,RS,especifica,230 kV
Frederico Westphalen,230,RS,especifica,230 kV
Não-Me-Toque,230,RS,especifica,230 kV
Nova Palma,230,RS,especifica,230 kV
Pinhal,230,RS,especifica,230 kV
Picada Café,230,RS,especifica,230 kV
Três de Maio,230,RS,especifica,230 kV
Vista Alegre do Prata,230,RS,especifica,230 kV
Erval Grande,230,RS,especifica,230 kV
Campo Novo,230,RS,especifica,230 kV
Pinhal da Serra,230,RS,especifica,230 kV
Pinhal Grande,230,RS,especifica,230 kV
Alpestre,230,RS,especifica,230 kV
Iraí,230,RS,especifica,230 kV
Giruá,230,RS,especifica,230 kV
Alto Feliz,230,RS,especifica,230 kV
Passa Sete,230,RS,especifica,230 kV
Alto Alegre,230,RS,especifica,230 kV
Tapera,230,RS,especifica,230 kV
Marau,230,RS,especifica,230 kV
Cambará do Sul,230,RS,especifica,230 kV
Santo Ângelo,230,RS,especifica,230 kV
Casca,230,RS,especifica,230 kV
São José do Hortêncio,230,RS,especifica,230 kV
São José do Inhacorá,230,RS,especifica,230 kV
Caseiros,230,RS,especifica,230 kV
Dois Irmãos das Missões,230,RS,especifica,230 kV
Sinimbu,230,RS,especifica,230 kV
Flores da Cunha,230,RS,especifica,230 kV
Trindade do Sul,230,RS,especifica,230 kV
Campos Borges,230,RS,especifica,230 kV
Passo Fundo,230,RS,especifica,230 kV
Vitória das Missões,230,RS,especifica,230 kV
Ametista do Sul,230,RS,especifica,230 kV
Redentora,230,RS,especifica,230 kV
Santa Clara do Sul,230,RS,especifica,230 kV
Santa Cecília do Sul,230,RS,especifica,230 kV
Estrela,230,RS,especifica,230 kV
Santa Rosa,230,RS,especifica,230 kV
Eugênio de Castro,230,RS,especifica,230 kV
Estrela Velha,230,RS,especifica,230 kV
Dom Pedro de Alcântara,230,RS,especifica,230 kV
Candelária,230,RS,especifica,230 kV
Jaquirana,230,RS,especifica,230 kV
Fagundes Varela,230,RS,especifica,230 kV
Boqueirão do Leão,230,RS,especifica,230 kV
Jóia,230,RS,especifica,230 kV
Vila Maria,230,RS,especifica,230 kV
Três Cachoeiras,230,RS,especifica,230 kV
Caxias do Sul,230,RS,especifica,230 kV
Santa Cruz do Sul,230,RS,especifica,230 kV
Benjamin Constant do Sul,230,RS,especifica,230 kV
Ernestina,230,RS,especifica,230 kV
Imigrante,230,RS,especifica,230 kV
Nova Bassano,230,RS,especifica,230 kV
Presidente Lucena,230,RS,especifica,230 kV
São Francisco de Paula,230,RS,especifica,230 kV
Tunas,230,RS,especifica,230 kV
Liberato Salzano,230,RS,especifica,230 kV
Serafina Corrêa,230,RS,especifica,230 kV
Salto do Jacuí,230,RS,especifica,230 kV
Farroupilha,230,RS,especifica,230 kV
Planalto,230,RS,especifica,230 kV
Linha Nova,230,RS,especifica,230 kV
Novo Tiradentes,230,RS,especifica,230 kV
Pontão,230,RS,especifica,230 kV
Sério,230,RS,especifica,230 kV
Três Coroas,230,RS,especifica,230 kV
Bento Gonçalves,230,RS,especifica,230 kV
Espumoso,230,RS,especifica,230 kV
Cruzeiro do Sul,230,RS,especifica,230 kV
Faxinal do Soturno,230,RS,especifica,230 kV
Mato Leitão,230,RS,especifica,230 kV
Faxinalzinho,230,RS,especifica,230 kV
Mato Castelhano,230,RS,especifica,230 kV
Independência,230,RS,especifica,230 kV
Alegria,230,RS,especifica,230 kV
Tupanciretã,230,RS,especifica,230 kV
Coronel Barros,230,RS,especifica,230 kV
Boa Vista do Cadeado,230,RS,especifica,230 kV
Jacutinga,230,RS,especifica,230 kV
Boa Vista do Incra,230,RS,especifica,230 kV
Feliz,230,RS,especifica,230 kV
Boa Vista do Sul,230,RS,especifica,230 kV
Victor Graeff,230,RS,especifica,230 kV
Quatro Irmãos,230,RS,especifica,230 kV
Igrejinha,230,RS,especifica,230 kV
Quevedos,230,RS,especifica,230 kV
Agudo,230,RS,especifica,230 kV
Coxilha,230,RS,especifica,230 kV
Nonoai,230,RS,especifica,230 kV
Cotiporã,230,RS,especifica,230 kV
Laurentino,230,SC,especifica,230 kV
Campo Belo do Sul,230,SC,especifica,230 kV
Itajaí,230,SC,especifica,230 kV
Massaranduba,230,SC,especifica,230 kV
Xavantina,230,SC,especifica,230 kV
Pedras Grandes,230,SC,especifica,230 kV
Ascurra,230,SC,especifica,230 kV
Cunhataí,230,SC,especifica,230 kV
Guaramirim,230,SC,especifica,230 kV
Rio do Sul,230,SC,especifica,230 kV
São José,230,SC,especifica,230 kV
Tangará,230,SC,especifica,230 kV
Xaxim,230,SC,especifica,230 kV
Pinhalzinho,230,SC,especifica,230 kV
Nova Veneza,230,SC,especifica,230 kV
Videira,230,SC,especifica,230 kV
Guatambú,230,SC,especifica,230 kV
Treze de Maio,230,SC,especifica,230 kV
Pomerode,230,SC,especifica,230 kV
São João Batista,230,SC,especifica,230 kV
Garuva,230,SC,especifica,230 kV
Lages,230,SC,especifica,230 kV
Siderópolis,230,SC,especifica,230 kV
Otacílio Costa,230,SC,especifica,230 kV
Itá,230,SC,especifica,230 kV
São Bonifácio,230,SC,especifica,230 kV
Armazém,230,SC,especifica,230 kV
Correia Pinto,230,SC,especifica,230 kV
Guabiruba,230,SC,especifica,230 kV
Timbé do Sul,230,SC,especifica,230 kV
Braço do Trombudo,230,SC,especifica,230 kV
Passo de Torres,230,SC,especifica,230 kV
São João do Sul,230,SC,especifica,230 kV
Rodeio,230,SC,especifica,230 kV
Gaspar,230,SC,especifica,230 kV
Ipuaçu,230,SC,especifica,230 kV
Agrolândia,230,SC,especifica,230 kV
Sombrio,230,SC,especifica,230 kV
Xanxerê,230,SC,especifica,230 kV
Balneário Barra do Sul,230,SC,especifica,230 kV
Antônio Carlos,230,SC,especifica,230 kV
Santa Rosa do Sul,230,SC,especifica,230 kV
Vargem,230,SC,especifica,230 kV
Rancho Queimado,230,SC,especifica,230 kV
Bom Jesus,230,SC,especifica,230 kV
Canoinhas,230,SC,especifica,230 kV
Apiúna,230,SC,especifica,230 kV
Nova Trento,230,SC,especifica,230 kV
São Domingos,230,SC,especifica,230 kV
Ibirama,230,SC,especifica,230 kV
Galvão,230,SC,especifica,230 kV
Tubarão,230,SC,especifica,230 kV
Joinville,230,SC,especifica,230 kV
Santo Amaro da Imperatriz,230,SC,especifica,230 kV
Major Gercino,230,SC,especifica,230 kV
Araquari,230,SC,especifica,230 kV
Cordilheira Alta,230,SC,especifica,230 kV
Palmeira,230,SC,especifica,230 kV
São Francisco do Sul,230,SC,especifica,230 kV
Abdon Batista,230,SC,especifica,230 kV
Planalto Alegre,230,SC,especifica,230 kV
Capivari de Baixo,230,SC,especifica,230 kV
Turvo,230,SC,especifica,230 kV
Seara,230,SC,especifica,230 kV
União do Oeste,230,SC,especifica,230 kV
Angelina,230,SC,especifica,230 kV
Coronel Freitas,230,SC,especifica,230 kV
Gravatal,230,SC,especifica,230 kV
São Martinho,230,SC,especifica,230 kV
Morro Grande,230,SC,especifica,230 kV
Águas de Chapecó,230,SC,especifica,230 kV
Ilhota,230,SC,especifica,230 kV
Indaial,230,SC,especifica,230 kV
Águas Frias,230,SC,especifica,230 kV
Biguaçu,230,SC,especifica,230 kV
Anita Garibaldi,230,SC,especifica,230 kV
Campos Novos,230,SC,especifica,230 kV
Meleiro,230,SC,especifica,230 kV
Florianópolis,230,SC,especifica,230 kV
Ibiam,230,SC,especifica,230 kV
Forquilhinha,230,SC,especifica,230 kV
São José do Cerrito,230,SC,especifica,230 kV
Águas Mornas,230,SC,especifica,230 kV
Luiz Alves,230,SC,especifica,230 kV
Cerro Negro,230,SC,especifica,230 kV
Blumenau,230,SC,especifica,230 kV
Celso Ramos,230,SC,especifica,230 kV
Urussanga,230,SC,especifica,230 kV
São Carlos,230,SC,especifica,230 kV
Trombudo Central,230,SC,especifica,230 kV
Saudades,230,SC,especifica,230 kV
Brusque,230,SC,especifica,230 kV
Chapecó,230,SC,especifica,230 kV
Cocal do Sul,230,SC,especifica,230 kV
Ermo,230,SC,especifica,230 kV
Timbó,230,SC,especifica,230 kV
Agronômica,230,SC,especifica,230 kV
Arvoredo,230,SC,especifica,230 kV
Lontras,230,SC,especifica,230 kV
Palhoça,230,SC,especifica,230 kV
Campo Largo,500,PR,especifica,500 kV
Campo Magro,500,PR,especifica,500 kV
Reserva do Iguaçu,500,PR,especifica,500 kV
Rio Branco do Sul,500,PR,especifica,500 kV
Almirante Tamandaré,500,PR,especifica,500 kV
Cerro Azul,500,PR,especifica,500 kV
Foz do Iguaçu,500,PR,especifica,500 kV
Adrianópolis,500,PR,especifica,500 kV
Itaperuçu,500,PR,especifica,500 kV
Mangueirinha,500,PR,especifica,500 kV
General Carneiro,525,PR,especifica,525 kV
Nova Santa Rosa,525,PR,especifica,525 kV
Marquinho,525,PR,especifica,525 kV
Dois Vizinhos,525,PR,especifica,525 kV
Nova Prata do Iguaçu,525,PR,especifica,525 kV
Nova Tebas,525,PR,especifica,525 kV
São José dos Pinhais,525,PR,especifica,525 kV
Honório Serpa,525,PR,especifica,525 kV
Santa Lúcia,525,PR,especifica,525 kV
Campo Largo,525,PR,especifica,525 kV
Nova Cantu,525,PR,especifica,525 kV
Cruz Machado,525,PR,especifica,525 kV
Agudos do Sul,525,PR,especifica,525 kV
Rio Bonito do Iguaçu,525,PR,especifica,525 kV
Bituruna,525,PR,especifica,525 kV
Goioxim,525,PR,especifica,525 kV
Ponta Grossa,525,PR,especifica,525 kV
Missal,525,PR,especifica,525 kV
Lindoeste,525,PR,especifica,525 kV
São Jorge d'Oeste,525,PR,especifica,525 kV
Guaraniaçu,525,PR,especifica,525 kV
Reserva do Iguaçu,525,PR,especifica,525 kV
Santa Helena,525,PR,especifica,525 kV
Palmital,525,PR,especifica,525 kV
Teixeira Soares,525,PR,especifica,525 kV
Coronel Vivida,525,PR,especifica,525 kV
São João,525,PR,especifica,525 kV
Altamira do Paraná,525,PR,especifica,525 kV
Foz do Iguaçu,525,PR,especifica,525 kV
Cruzeiro do Iguaçu,525,PR,especifica,525 kV
Santa Tereza do Oeste,525,PR,especifica,525 kV
Nova Laranjeiras,525,PR,especifica,525 kV
Cascavel,525,PR,especifica,525 kV
Pitanga,525,PR,especifica,525 kV
Guarapuava,525,PR,especifica,525 kV
Turvo,525,PR,especifica,525 kV
Santa Terezinha de Itaipu,525,PR,especifica,525 kV
Sulina,525,PR,especifica,525 kV
Porto Amazonas,525,PR,especifica,525 kV
Campo Bonito,525,PR,especifica,525 kV
Araucária,525,PR,especifica,525 kV
Ipiranga,525,PR,especifica,525 kV
Céu Azul,525,PR,especifica,525 kV
Ivaí,525,PR,especifica,525 kV
Imbituva,525,PR,especifica,525 kV
Manoel Ribas,525,PR,especifica,525 kV
Tijucas do Sul,525,PR,especifica,525 kV
Lapa,525,PR,especifica,525 kV
Medianeira,525,PR,especifica,525 kV
Rebouças,525,PR,especifica,525 kV
Rio Azul,525,PR,especifica,525 kV
Mercedes,525,PR,especifica,525 kV
Palmas,525,PR,especifica,525 kV
Fazenda Rio Grande,525,PR,especifica,525 kV
Toledo,525,PR,especifica,525 kV
Ivaiporã,525,PR,especifica,525 kV
Laranjeiras do Sul,525,PR,especifica,525 kV
Marechal Cândido Rondon,525,PR,especifica,525 kV
Capitão Leônidas Marques,525,PR,especifica,525 kV
Braganey,525,PR,especifica,525 kV
Roncador,525,PR,especifica,525 kV
São João do Triunfo,525,PR,especifica,525 kV
Santa Maria do Oeste,525,PR,especifica,525 kV
Palmeira,525,PR,especifica,525 kV
Ramilândia,525,PR,especifica,525 kV
São Mateus do Sul,525,PR,especifica,525 kV
Mandirituba,525,PR,especifica,525 kV
Terra Roxa,525,PR,especifica,525 kV
Quatro Pontes,525,PR,especifica,525 kV
Boa Esperança do Iguaçu,525,PR,especifica,525 kV
Matelândia,525,PR,especifica,525 kV
Boa Ventura de São Roque,525,PR,especifica,525 kV
Curitiba,525,PR,especifica,525 kV
Grandes Rios,525,PR,especifica,525 kV
Mallet,525,PR,especifica,525 kV
Campina do Simão,525,PR,especifica,525 kV
São Miguel do Iguaçu,525,PR,especifica,525 kV
Mangueirinha,525,PR,especifica,525 kV
Cândido de Abreu,525,PR,especifica,525 kV
Clevelândia,525,PR,especifica,525 kV
Itaipulândia,525,PR,especifica,525 kV
Guaíra,525,PR,especifica,525 kV
Entre Rios do Oeste,525,PR,especifica,525 kV
Saudade do Iguaçu,525,PR,especifica,525 kV
Contenda,525,PR,especifica,525 kV
Ariranha do Ivaí,525,PR,especifica,525 kV
Diamante D'Oeste,525,PR,especifica,525 kV
Prudentópolis,525,PR,especifica,525 kV
Balsa Nova,525,PR,especifica,525 kV
São José das Palmeiras,525,PR,especifica,525 kV
Pinhão,525,PR,especifica,525 kV
Chopinzinho,525,PR,especifica,525 kV
Santo Antônio do Palma,525,RS,especifica,525 kV
Lajeado do Bugre,525,RS,especifica,525 kV
Garibaldi,525,RS,especifica,525 kV
São Domingos do Sul,525,RS,especifica,525 kV
Nova Petrópolis,525,RS,especifica,525 kV
São Pedro da Serra,525,RS,especifica,525 kV
Roca Sales,525,RS,especifica,525 kV
Veranópolis,525,RS,especifica,525 kV
Vespasiano Corrêa,525,RS,especifica,525 kV
Vila Flores,525,RS,especifica,525 kV
Gramado dos Loureiros,525,RS,especifica,525 kV
Catuípe,525,RS,especifica,525 kV
Vila Lângaro,525,RS,especifica,525 kV
Nova Araçá,525,RS,especifica,525 kV
Erebango,525,RS,especifica,525 kV
Nova Prata,525,RS,especifica,525 kV
Nova Roma do Sul,525,RS,especifica,525 kV
Caibaté,525,RS,especifica,525 kV
Capão Bonito do Sul,525,RS,especifica,525 kV
Nova Ramada,525,RS,especifica,525 kV
Itatiba do Sul,525,RS,especifica,525 kV
Rolador,525,RS,especifica,525 kV
Guabiju,525,RS,especifica,525 kV
Antônio Prado,525,RS,especifica,525 kV
Jaboticaba,525,RS,especifica,525 kV
Santa Maria do Herval,525,RS,especifica,525 kV
Tapejara,525,RS,especifica,525 kV
Água Santa,525,RS,especifica,525 kV
Lagoa Vermelha,525,RS,especifica,525 kV
Sertão,525,RS,especifica,525 kV
Muçum,525,RS,especifica,525 kV
Muitos Capões,525,RS,especifica,525 kV
Sete de Setembro,525,RS,especifica,525 kV
Brochier,525,RS,especifica,525 kV
Picada Café,525,RS,especifica,525 kV
Vista Alegre do Prata,525,RS,especifica,525 kV
Erval Grande,525,RS,especifica,525 kV
Charrua,525,RS,especifica,525 kV
Giruá,525,RS,especifica,525 kV
Alto Feliz,525,RS,especifica,525 kV
Barracão,525,RS,especifica,525 kV
Marau,525,RS,especifica,525 kV
União da Serra,525,RS,especifica,525 kV
São Jorge,525,RS,especifica,525 kV
Santo Ângelo,525,RS,especifica,525 kV
Casca,525,RS,especifica,525 kV
São Vendelino,525,RS,especifica,525 kV
Campestre da Serra,525,RS,especifica,525 kV
Dois Irmãos das Missões,525,RS,especifica,525 kV
Guarani das Missões,525,RS,especifica,525 kV
Flores da Cunha,525,RS,especifica,525 kV
Bom Princípio,525,RS,especifica,525 kV
Montauri,525,RS,especifica,525 kV
Floriano Peixoto,525,RS,especifica,525 kV
Dois Lajeados,525,RS,especifica,525 kV
Trindade do Sul,525,RS,especifica,525 kV
Monte Belo do Sul,525,RS,especifica,525 kV
Chiapetta,525,RS,especifica,525 kV
Paulo Bento,525,RS,especifica,525 kV
Passo Fundo,525,RS,especifica,525 kV
Paverama,525,RS,especifica,525 kV
Westfália,525,RS,especifica,525 kV
Santa Cecília do Sul,525,RS,especifica,525 kV
Barra do Rio Azul,525,RS,especifica,525 kV
Palmeira das Missões,525,RS,especifica,525 kV
Ciríaco,525,RS,especifica,525 kV
Santa Tereza,525,RS,especifica,525 kV
Morro Reuter,525,RS,especifica,525 kV
Fagundes Varela,525,RS,especifica,525 kV
Vila Maria,525,RS,especifica,525 kV
Erechim,525,RS,especifica,525 kV
Caxias do Sul,525,RS,especifica,525 kV
São José do Sul,525,RS,especifica,525 kV
Imigrante,525,RS,especifica,525 kV
Cerro Grande,525,RS,especifica,525 kV
Nova Bassano,525,RS,especifica,525 kV
Liberato Salzano,525,RS,especifica,525 kV
Serafina Corrêa,525,RS,especifica,525 kV
Barão,525,RS,especifica,525 kV
Farroupilha,525,RS,especifica,525 kV
Gentil,525,RS,especifica,525 kV
Novo Tiradentes,525,RS,especifica,525 kV
Poço das Antas,525,RS,especifica,525 kV
Bento Gonçalves,525,RS,especifica,525 kV
Santo Augusto,525,RS,especifica,525 kV
Estação,525,RS,especifica,525 kV
Boa Vista das Missões,525,RS,especifica,525 kV
Faxinalzinho,525,RS,especifica,525 kV
Mato Castelhano,525,RS,especifica,525 kV
Cerro Largo,525,RS,especifica,525 kV
Mato Queimado,525,RS,especifica,525 kV
Salvador do Sul,525,RS,especifica,525 kV
Ipê,525,RS,especifica,525 kV
Machadinho,525,RS,especifica,525 kV
Barão de Cotegipe,525,RS,especifica,525 kV
Carlos Barbosa,525,RS,especifica,525 kV
Getúlio Vargas,525,RS,especifica,525 kV
David Canabarro,525,RS,especifica,525 kV
Maximiliano de Almeida,525,RS,especifica,525 kV
Aratiba,525,RS,especifica,525 kV
Paraí,525,RS,especifica,525 kV
Guaporé,525,RS,especifica,525 kV
Feliz,525,RS,especifica,525 kV
Boa Vista do Sul,525,RS,especifica,525 kV
Teutônia,525,RS,especifica,525 kV
Coronel Bicaco,525,RS,especifica,525 kV
Coronel Pilar,525,RS,especifica,525 kV
Quatro Irmãos,525,RS,especifica,525 kV
Coxilha,525,RS,especifica,525 kV
Nonoai,525,RS,especifica,525 kV
Cotiporã,525,RS,especifica,525 kV
Taió,525,SC,especifica,525 kV
Campo Belo do Sul,525,SC,especifica,525 kV
Itajaí,525,SC,especifica,525 kV
Massaranduba,525,SC,especifica,525 kV
Xavantina,525,SC,especifica,525 kV
Erval Velho,525,SC,especifica,525 kV
São Ludgero,525,SC,especifica,525 kV
Água Doce,525,SC,especifica,525 kV
Benedito Novo,525,SC,especifica,525 kV
Lauro Müller,525,SC,especifica,525 kV
Curitibanos,525,SC,especifica,525 kV
Presidente Getúlio,525,SC,especifica,525 kV
Faxinal dos Guedes,525,SC,especifica,525 kV
São Bento do Sul,525,SC,especifica,525 kV
Pomerode,525,SC,especifica,525 kV
Tijucas,525,SC,especifica,525 kV
Abelardo Luz,525,SC,especifica,525 kV
Orleans,525,SC,especifica,525 kV
São João Batista,525,SC,especifica,525 kV
Lages,525,SC,especifica,525 kV
Siderópolis,525,SC,especifica,525 kV
Otacílio Costa,525,SC,especifica,525 kV
Corupá,525,SC,especifica,525 kV
Camboriú,525,SC,especifica,525 kV
Itá,525,SC,especifica,525 kV
São Bonifácio,525,SC,especifica,525 kV
Urupema,525,SC,especifica,525 kV
Capão Alto,525,SC,especifica,525 kV
Braço do Norte,525,SC,especifica,525 kV
Correia Pinto,525,SC,especifica,525 kV
Jaraguá do Sul,525,SC,especifica,525 kV
Ipira,525,SC,especifica,525 kV
Brunópolis,525,SC,especifica,525 kV
Rio do Oeste,525,SC,especifica,525 kV
Ponte Alta,525,SC,especifica,525 kV
Gaspar,525,SC,especifica,525 kV
Agrolândia,525,SC,especifica,525 kV
Ponte Alta do Norte,525,SC,especifica,525 kV
Xanxerê,525,SC,especifica,525 kV
Petrolândia,525,SC,especifica,525 kV
Campo Alegre,525,SC,especifica,525 kV
Dona Emma,525,SC,especifica,525 kV
Alto Bela Vista,525,SC,especifica,525 kV
Bom Jardim da Serra,525,SC,especifica,525 kV
Antônio Carlos,525,SC,especifica,525 kV
Bom Jesus,525,SC,especifica,525 kV
Ibirama,525,SC,especifica,525 kV
José Boiteux,525,SC,especifica,525 kV
Concórdia,525,SC,especifica,525 kV
Grão-Pará,525,SC,especifica,525 kV
Imbuia,525,SC,especifica,525 kV
Vidal Ramos,525,SC,especifica,525 kV
Palmeira,525,SC,especifica,525 kV
Piratuba,525,SC,especifica,525 kV
Capinzal,525,SC,especifica,525 kV
Abdon Batista,525,SC,especifica,525 kV
Seara,525,SC,especifica,525 kV
Angelina,525,SC,especifica,525 kV
Rio Fortuna,525,SC,especifica,525 kV
São Martinho,525,SC,especifica,525 kV
Biguaçu,525,SC,especifica,525 kV
Anita Garibaldi,525,SC,especifica,525 kV
Campos Novos,525,SC,especifica,525 kV
Mirim Doce,525,SC,especifica,525 kV
Peritiba,525,SC,especifica,525 kV
Herval d'Oeste,525,SC,especifica,525 kV
Treze Tílias,525,SC,especifica,525 kV
Zortéa,525,SC,especifica,525 kV
São Pedro de Alcântara,525,SC,especifica,525 kV
São José do Cerrito,525,SC,especifica,525 kV
Águas Mornas,525,SC,especifica,525 kV
Luiz Alves,525,SC,especifica,525 kV
Cerro Negro,525,SC,especifica,525 kV
Blumenau,525,SC,especifica,525 kV
Celso Ramos,525,SC,especifica,525 kV
Luzerna,525,SC,especifica,525 kV
Ituporanga,525,SC,especifica,525 kV
Chapadão do Lageado,525,SC,especifica,525 kV
Urussanga,525,SC,especifica,525 kV
Leoberto Leal,525,SC,especifica,525 kV
Canelinha,525,SC,especifica,525 kV
Paial,525,SC,especifica,525 kV
Ouro Verde,525,SC,especifica,525 kV
Frei Rogério,525,SC,especifica,525 kV
Painel,525,SC,especifica,525 kV
Joaçaba,525,SC,especifica,525 kV
Brusque,525,SC,especifica,525 kV
Timbó,525,SC,especifica,525 kV
Arvoredo,525,SC,especifica,525 kV
São Joaquim,525,SC,especifica,525 kV
Nova Aurora,600,PR,especifica,600 kV
Luiziana,600,PR,especifica,600 kV
Godoy Moreira,600,PR,especifica,600 kV
Nova Tebas,600,PR,especifica,600 kV
Nova Cantu,600,PR,especifica,600 kV
Ortigueira,600,PR,especifica,600 kV
Rio Branco do Ivaí,600,PR,especifica,600 kV
Juranda,600,PR,especifica,600 kV
Arapoti,600,PR,especifica,600 kV
Missal,600,PR,especifica,600 kV
Cafelândia,600,PR,especifica,600 kV
Guaraniaçu,600,PR,especifica,600 kV
Reserva,600,PR,especifica,600 kV
Palmital,600,PR,especifica,600 kV
Altamira do Paraná,600,PR,especifica,600 kV
Foz do Iguaçu,600,PR,especifica,600 kV
Santa Tereza do Oeste,600,PR,especifica,600 kV
Cascavel,600,PR,especifica,600 kV
Pitanga,600,PR,especifica,600 kV
Tupãssi,600,PR,especifica,600 kV
Santa Terezinha de Itaipu,600,PR,especifica,600 kV
Telêmaco Borba,600,PR,especifica,600 kV
Mamborê,600,PR,especifica,600 kV
Campo Bonito,600,PR,especifica,600 kV
Céu Azul,600,PR,especifica,600 kV
Manoel Ribas,600,PR,especifica,600 kV
Medianeira,600,PR,especifica,600 kV
Corbélia,600,PR,especifica,600 kV
Toledo,600,PR,especifica,600 kV
Braganey,600,PR,especifica,600 kV
Roncador,600,PR,especifica,600 kV
Ramilândia,600,PR,especifica,600 kV
Barbosa Ferraz,600,PR,especifica,600 kV
Rosário do Ivaí,600,PR,especifica,600 kV
Matelândia,600,PR,especifica,600 kV
Iretama,600,PR,especifica,600 kV
Ouro Verde do Oeste,600,PR,especifica,600 kV
São Miguel do Iguaçu,600,PR,especifica,600 kV
São Pedro do Iguaçu,600,PR,especifica,600 kV
Cândido de Abreu,600,PR,especifica,600 kV
Mato Rico,600,PR,especifica,600 kV
Ubiratã,600,PR,especifica,600 kV
Diamante D'Oeste,600,PR,especifica,600 kV
Vera Cruz do Oeste,600,PR,especifica,600 kV
Ventania,600,PR,especifica,600 kV
Luiziana,765,PR,especifica,765 kV
Nova Tebas,765,PR,especifica,765 kV
Nova Cantu,765,PR,especifica,765 kV
Ortigueira,765,PR,especifica,765 kV
Rio Branco do Ivaí,765,PR,especifica,765 kV
Arapuã,765,PR,especifica,765 kV
Missal,765,PR,especifica,765 kV
Cafelândia,765,PR,especifica,765 kV
Foz do Iguaçu,765,PR,especifica,765 kV
Cascavel,765,PR,especifica,765 kV
Tupãssi,765,PR,especifica,765 kV
Santa Terezinha de Itaipu,765,PR,especifica,765 kV
Telêmaco Borba,765,PR,especifica,765 kV
Mamborê,765,PR,especifica,765 kV
Manoel Ribas,765,PR,especifica,765 kV
Medianeira,765,PR,especifica,765 kV
Corbélia,765,PR,especifica,765 kV
Toledo,765,PR,especifica,765 kV
Ivaiporã,765,PR,especifica,765 kV
Braganey,765,PR,especifica,765 kV
Roncador,765,PR,especifica,765 kV
Ramilândia,765,PR,especifica,765 kV
Rosário do Ivaí,765,PR,especifica,765 kV
Grandes Rios,765,PR,especifica,765 kV
Iretama,765,PR,especifica,765 kV
Campina da Lagoa,765,PR,especifica,765 kV
Ouro Verde do Oeste,765,PR,especifica,765 kV
São Miguel do Iguaçu,765,PR,especifica,765 kV
São Pedro do Iguaçu,765,PR,especifica,765 kV
Iguatu,765,PR,especifica,765 kV
Ubiratã,765,PR,especifica,765 kV
Itaipulândia,765,PR,especifica,765 kV
Ariranha do Ivaí,765,PR,especifica,765 kV
Diamante D'Oeste,765,PR,especifica,765 kV
Vera Cruz do Oeste,765,PR,especifica,765 kV
Anahy,765,PR,especifica,765 kV
